{"cameraMode":{"drawMode":0,"name":"Shaded","section":"Shading Mode"},"sceneLighting":true,"audioPlay":false,"sceneViewState":{"showFog":true,"showMaterialUpdate":false,"showSkybox":true,"showFlares":true,"showImageEffects":true,"showParticleSystems":true},"in2DMode":false,"pivot":{"x":7.894906520843506,"y":8.588106155395508,"z":-5.519082069396973},"rotation":{"x":-0.14354471862316132,"y":0.5720028281211853,"z":-0.10249883681535721,"w":-0.8010628819465637},"size":5.090562343597412,"orthographic":false}